{
  "timestamp": "2026-04-07T16:19:25.947611",
  "config": {
    "epochs": 15,
    "batch_size": 32,
    "learning_rate": 0.001,
    "seed": 42,
    "grid_shape": [
      32,
      32
    ],
    "in_channels": 1,
    "out_channels": 1,
    "n_layers": 3,
    "max_degree": 16,
    "n_train": 200,
    "n_test": 50,
    "latent_dim": 32
  },
  "device": "cpu",
  "results": {
    "Baseline SFNO": {
      "train_losses": [
        1.0038183672087533,
        1.0033778633390154,
        1.0033106889043535,
        1.0032567041260856,
        1.0032300523349218,
        1.003174935068403,
        1.00310252393995,
        1.0030063050133842,
        1.0029123510633196,
        1.0028587324278695,
        1.0027987701552254,
        1.0027111513274056,
        1.0026141660554069,
        1.002502747944423,
        1.0023763860974992
      ],
      "test_losses": [
        1.0064181089401245,
        1.006364345550537,
        1.0064016580581665,
        1.0063178539276123,
        1.006363034248352,
        1.0063520669937134,
        1.0064036846160889,
        1.0064761638641357,
        1.0066561698913574,
        1.0067477226257324,
        1.006730318069458,
        1.0067470073699951,
        1.0068315267562866,
        1.006951093673706,
        1.0070759057998657
      ],
      "train_time": 4.82286262512207,
      "final_train_loss": 1.0023763860974992,
      "final_test_loss": 1.0070759057998657,
      "best_test_loss": 1.0063178539276123,
      "avg_latency_ms": 4.595699758501723,
      "latency_std_ms": 0.08528302296604884,
      "total_params": 109297,
      "model_size_mb": 0.4169349670410156,
      "name": "Baseline SFNO",
      "variant": "baseline",
      "description": "\u539f\u59cb SFNO\uff0c\u4e0d\u5e26 MHF"
    },
    "MHF SFNO": {
      "train_losses": [
        1.7027427468981062,
        1.6819785833358765,
        1.6621654033660889,
        1.6430224861417497,
        1.624070712498256,
        1.6049108334950037,
        1.5853432076317924,
        1.5652708836964198,
        1.5446349552699499,
        1.523396406854902,
        1.5015321799686976,
        1.4790338618414742,
        1.4559087753295898,
        1.432181818144662,
        1.4078974894114904
      ],
      "test_losses": [
        1.6976007223129272,
        1.6773474216461182,
        1.6579302549362183,
        1.638922095298767,
        1.619840383529663,
        1.6004098653793335,
        1.5805050134658813,
        1.560056447982788,
        1.5390174388885498,
        1.517358422279358,
        1.4950653314590454,
        1.4721386432647705,
        1.4485958814620972,
        1.424473524093628,
        1.3998291492462158
      ],
      "train_time": 0.855363130569458,
      "final_train_loss": 1.4078974894114904,
      "final_test_loss": 1.3998291492462158,
      "best_test_loss": 1.3998291492462158,
      "avg_latency_ms": 1.8979741365183145,
      "latency_std_ms": 0.017255495974893124,
      "total_params": 1638,
      "model_size_mb": 0.00624847412109375,
      "name": "MHF SFNO",
      "variant": "mhf",
      "description": "MHF \u4f18\u5316\u7684 SFNO"
    }
  },
  "experiment_time": 6.648347854614258
}