{
  "timestamp": "2026-04-07T16:17:04.803646",
  "config": {
    "epochs": 15,
    "batch_size": 32,
    "learning_rate": 0.001,
    "seed": 42,
    "grid_shape": [
      32,
      32
    ],
    "in_channels": 1,
    "out_channels": 1,
    "n_layers": 3,
    "max_degree": 16,
    "n_train": 200,
    "n_test": 50,
    "latent_dim": 32
  },
  "device": "cpu",
  "results": {
    "Baseline SFNO": {
      "train_losses": [
        1.0038183672087533,
        1.0033778633390154,
        1.0033106889043535,
        1.0032567041260856,
        1.0032300523349218,
        1.003174935068403,
        1.00310252393995,
        1.0030063050133842,
        1.0029123510633196,
        1.0028587324278695,
        1.0027987701552254,
        1.0027111513274056,
        1.0026141660554069,
        1.002502747944423,
        1.0023763860974992
      ],
      "test_losses": [
        1.0064181089401245,
        1.006364345550537,
        1.0064016580581665,
        1.0063178539276123,
        1.006363034248352,
        1.0063520669937134,
        1.0064036846160889,
        1.0064761638641357,
        1.0066561698913574,
        1.0067477226257324,
        1.006730318069458,
        1.0067470073699951,
        1.0068315267562866,
        1.006951093673706,
        1.0070759057998657
      ],
      "train_time": 4.969556093215942,
      "final_train_loss": 1.0023763860974992,
      "final_test_loss": 1.0070759057998657,
      "best_test_loss": 1.0063178539276123,
      "avg_latency_ms": 4.532787123462185,
      "latency_std_ms": 0.04733616351631839,
      "total_params": 109297,
      "model_size_mb": 0.4169349670410156,
      "name": "Baseline SFNO",
      "variant": "baseline",
      "description": "\u539f\u59cb SFNO\uff0c\u4e0d\u5e26 MHF"
    },
    "MHF SFNO": {
      "error": "Given groups=1, expected weight to be at least 1 at dimension 0, but got weight of size [0, 1, 1] instead",
      "name": "MHF SFNO",
      "variant": "mhf",
      "description": "MHF \u4f18\u5316\u7684 SFNO"
    }
  },
  "experiment_time": 5.860697984695435
}